Username,IPAddress1,IPAddress2,Country,Flag
73152231,1.159.239.145,None,AU,DOMESTIC
73113211,130.95.254.67,None,AU,DOMESTIC
75271364,58.178.219.34,None,AU,DOMESTIC
75114917,180.150.81.170,None,AU,DOMESTIC
75056422,60.241.66.23,None,AU,DOMESTIC
71278970,218.215.214.239,None,AU,DOMESTIC
74597297,106.68.231.231,60.241.63.163,AU,DOMESTIC
73340333,106.68.214.213,None,AU,DOMESTIC
74691723,120.16.189.64,None,AU,DOMESTIC
73585410,220.245.38.144,None,AU,DOMESTIC
72523352,125.63.25.175,None,AU,DOMESTIC
74557736,121.200.42.73,None,AU,DOMESTIC
73534778,61.245.136.51,None,AU,DOMESTIC
74657353,120.16.156.149,None,AU,DOMESTIC
74611559,130.95.254.171,None,AU,DOMESTIC
66952323,58.7.209.53,None,AU,DOMESTIC
74703360,58.169.79.193,101.175.150.129,AU,DOMESTIC
74419897,125.63.29.201,125.63.25.161,AU,DOMESTIC
75128177,147.69.121.39,147.69.1.196,AU,DOMESTIC
72814311,101.175.176.55,None,AU,DOMESTIC
74697149,203.217.78.141,None,AU,DOMESTIC
73276450,1.159.163.63,None,AU,DOMESTIC
71965129,124.189.135.222,None,AU,DOMESTIC
74845062,106.68.9.8,130.95.254.147,AU,DOMESTIC
72848446,60.241.82.99,None,AU,DOMESTIC
73509516,157.211.97.15,None,AU,DOMESTIC
72619242,1.146.188.208,None,AU,DOMESTIC
73447046,120.16.210.169,None,AU,DOMESTIC
73417050,114.198.114.109,None,AU,DOMESTIC
74887119,49.194.69.148,None,AU,DOMESTIC
75078128,101.175.176.254,None,AU,DOMESTIC
74889041,49.192.42.146,None,AU,DOMESTIC
73115889,49.196.203.82,None,AU,DOMESTIC
74373666,125.63.29.87,None,AU,DOMESTIC
74968574,106.69.187.234,106.69.186.230,AU,DOMESTIC
73075267,125.63.29.68,None,AU,DOMESTIC
73539017,194.223.92.25,None,AU,DOMESTIC
74510687,218.214.106.227,None,AU,DOMESTIC
75221950,1.146.141.30,49.192.161.202,AU,DOMESTIC
74622138,159.196.132.150,None,AU,DOMESTIC
74588838,120.16.81.222,None,AU,DOMESTIC
74796960,106.69.8.104,None,AU,DOMESTIC
73501572,58.169.31.89,None,AU,DOMESTIC
74687377,125.63.25.253,None,AU,DOMESTIC
74750294,203.132.91.88,None,AU,DOMESTIC
75239088,220.233.44.11,None,AU,DOMESTIC
74588084,110.146.164.143,None,AU,DOMESTIC
75080584,58.175.89.130,None,AU,DOMESTIC
70718125,101.185.225.58,None,AU,DOMESTIC
74805671,106.68.183.231,None,AU,DOMESTIC
75215660,130.95.254.218,130.95.254.193,AU,DOMESTIC
72642437,49.255.165.82,None,AU,DOMESTIC
73735797,80.249.1.179,None,PL,INTERNATIONAL
74499605,130.95.40.103,None,AU,DOMESTIC
74948553,124.188.223.215,None,AU,DOMESTIC
69023508,110.142.189.235,None,AU,DOMESTIC
73532071,58.169.63.183,None,AU,DOMESTIC
74324557,130.95.254.244,None,AU,DOMESTIC
74573191,115.70.28.206,None,AU,DOMESTIC
74708208,125.63.29.203,None,AU,DOMESTIC
74487994,130.95.40.98,None,AU,DOMESTIC
75265872,147.69.131.143,None,AU,DOMESTIC
75151909,120.149.2.18,None,AU,DOMESTIC
75136206,130.95.254.234,None,AU,DOMESTIC
74795723,130.95.254.166,None,AU,DOMESTIC
74725378,101.118.143.34,None,AU,DOMESTIC
74989348,101.175.174.141,None,AU,DOMESTIC
74755431,14.201.146.80,None,AU,DOMESTIC
72142087,134.7.244.195,None,AU,DOMESTIC
72892770,130.95.254.66,130.95.254.33,AU,DOMESTIC
75118311,116.206.185.138,120.16.190.125,AU,DOMESTIC
74889097,1.159.138.249,None,AU,DOMESTIC
74170901,49.194.144.93,None,AU,DOMESTIC
74244367,106.68.226.198,194.223.91.68,AU,DOMESTIC
74339211,101.118.205.4,None,AU,DOMESTIC
73371743,14.200.220.86,None,AU,DOMESTIC
74867252,130.95.40.98,None,AU,DOMESTIC
74917031,130.95.40.98,None,AU,DOMESTIC
73451530,130.95.254.117,None,AU,DOMESTIC
72768153,120.16.175.38,None,AU,DOMESTIC
74541678,58.175.70.73,None,AU,DOMESTIC
75017454,194.223.95.196,None,AU,DOMESTIC
74283426,123.208.216.50,None,AU,DOMESTIC
75365266,203.219.72.135,None,AU,DOMESTIC
74687406,130.95.254.33,None,AU,DOMESTIC
72520338,49.192.129.208,None,AU,DOMESTIC
74679710,103.94.51.1,None,AU,DOMESTIC
73289920,203.59.181.82,None,AU,DOMESTIC
72627468,130.95.40.100,None,AU,DOMESTIC
74637166,130.95.254.50,None,AU,DOMESTIC
73202205,202.171.182.204,None,AU,DOMESTIC
72524257,106.68.241.41,None,AU,DOMESTIC
74493668,123.208.238.23,None,AU,DOMESTIC
74317712,58.173.51.206,None,AU,DOMESTIC
74691918,121.200.36.195,130.95.40.101,AU,DOMESTIC
75380237,130.95.254.199,None,AU,DOMESTIC
74563636,58.168.0.181,130.95.254.167,AU,DOMESTIC
73492890,66.115.147.73,None,US,INTERNATIONAL
72643674,130.95.254.124,None,AU,DOMESTIC
75084223,149.167.162.98,130.95.40.98,AU,DOMESTIC
74253533,106.69.56.155,None,AU,DOMESTIC
74537009,130.95.254.128,None,AU,DOMESTIC
75274099,101.185.135.52,None,AU,DOMESTIC
72113607,49.255.81.154,None,AU,DOMESTIC
72851859,123.208.145.59,None,AU,DOMESTIC
75061094,130.95.40.102,None,AU,DOMESTIC
74674629,130.95.254.135,134.7.244.28,AU,DOMESTIC
75395177,130.95.254.80,None,AU,DOMESTIC
74701639,130.95.40.100,None,AU,DOMESTIC
74494450,130.95.254.202,None,AU,DOMESTIC
74498506,61.68.199.111,130.95.40.72,AU,DOMESTIC
74790897,101.189.3.222,None,AU,DOMESTIC
65500981,203.217.76.2,None,AU,DOMESTIC
74923066,139.216.226.10,None,AU,DOMESTIC
74660424,194.223.186.89,None,AU,DOMESTIC
73771273,106.69.180.153,None,AU,DOMESTIC
74641703,101.185.161.161,None,AU,DOMESTIC
74574849,49.255.1.192,None,AU,DOMESTIC
74576008,1.159.239.137,None,AU,DOMESTIC
73214338,118.209.199.114,None,AU,DOMESTIC
75091546,157.211.98.103,None,AU,DOMESTIC
73351355,106.68.189.25,None,AU,DOMESTIC
73488861,49.194.158.186,None,AU,DOMESTIC
74440460,106.69.174.52,None,AU,DOMESTIC
74673904,130.95.254.176,None,AU,DOMESTIC
74750378,103.94.51.1,1.159.224.105,AU,DOMESTIC
74485984,110.22.150.141,None,AU,DOMESTIC
71315881,1.146.147.195,1.146.197.11,AU,DOMESTIC
74395825,130.95.254.137,None,AU,DOMESTIC
75239339,124.171.246.218,None,AU,DOMESTIC
74390930,58.160.92.106,None,AU,DOMESTIC
74858058,130.95.154.173,130.95.238.146,AU,DOMESTIC
72157015,118.102.70.220,None,AU,DOMESTIC
73225472,202.94.72.254,None,AU,DOMESTIC
74711398,106.68.240.177,None,AU,DOMESTIC
75268544,159.196.132.133,None,AU,DOMESTIC
74375227,130.95.254.180,None,AU,DOMESTIC
71004029,134.7.244.182,None,AU,DOMESTIC
74694738,130.95.254.160,None,AU,DOMESTIC
75202545,130.105.160.59,None,PH,INTERNATIONAL
75361963,124.188.200.210,None,AU,DOMESTIC
73395484,120.149.104.92,None,AU,DOMESTIC
74552182,125.63.29.203,125.63.25.107,AU,DOMESTIC
74528986,130.95.254.117,None,AU,DOMESTIC
74642262,3.25.151.22,None,US,INTERNATIONAL
75166491,220.235.33.94,None,AU,DOMESTIC
75389403,124.187.143.76,None,AU,DOMESTIC
73277568,58.169.11.107,None,AU,DOMESTIC
73433064,110.175.45.226,163.47.56.108,AU,DOMESTIC
74768678,130.95.254.109,130.95.40.111,AU,DOMESTIC
74685406,130.95.108.207,None,AU,DOMESTIC
74575506,130.95.254.241,149.167.162.248,AU,DOMESTIC
74284971,139.216.56.225,None,AU,DOMESTIC
74511274,58.7.217.211,13.55.238.214,AU,DOMESTIC
71743681,147.69.23.39,None,AU,DOMESTIC
74729730,120.149.32.55,None,AU,DOMESTIC
73244585,49.192.120.40,None,AU,DOMESTIC
73410261,14.202.241.241,203.206.248.151,AU,DOMESTIC
74603539,203.123.103.4,103.210.27.56,AU,DOMESTIC
75460270,130.95.254.132,None,AU,DOMESTIC
74953323,130.95.254.166,None,AU,DOMESTIC
75362270,130.95.254.92,130.95.254.215,AU,DOMESTIC
72288920,180.150.80.200,None,AU,DOMESTIC
73749560,125.63.25.142,125.63.25.57,AU,DOMESTIC
74512944,58.160.87.17,None,AU,DOMESTIC
73776485,125.63.25.204,None,AU,DOMESTIC
75224286,101.189.82.10,None,AU,DOMESTIC
74209608,49.194.24.141,None,AU,DOMESTIC
72776414,115.70.210.235,None,AU,DOMESTIC
74875366,125.63.29.21,None,AU,DOMESTIC
75360446,180.150.83.221,130.95.254.43,AU,DOMESTIC
74170540,130.95.254.51,None,AU,DOMESTIC
74761887,130.95.254.249,None,AU,DOMESTIC
74892231,114.198.12.197,None,AU,DOMESTIC
74495260,106.68.247.46,None,AU,DOMESTIC
75251491,130.95.254.144,None,AU,DOMESTIC
73438731,130.95.254.68,None,AU,DOMESTIC
73343235,101.118.185.237,None,AU,DOMESTIC
74676212,130.95.254.179,None,AU,DOMESTIC
74969896,49.192.145.177,None,AU,DOMESTIC
74204712,80.249.10.198,None,PL,INTERNATIONAL
75434088,180.150.80.13,None,AU,DOMESTIC
74510297,49.192.143.179,49.192.130.21,AU,DOMESTIC
69170096,58.175.71.213,None,AU,DOMESTIC
74488383,130.95.254.153,110.146.148.28,AU,DOMESTIC
74350609,149.167.161.138,None,AU,DOMESTIC
74672230,115.64.75.173,None,AU,DOMESTIC
74240989,1.146.236.90,None,AU,DOMESTIC
73244054,203.206.119.111,None,AU,DOMESTIC
74651343,115.70.127.22,None,AU,DOMESTIC
74736204,106.68.26.54,None,AU,DOMESTIC
74949800,60.242.155.210,None,AU,DOMESTIC
74662845,157.211.102.38,None,AU,DOMESTIC
73502558,49.192.190.18,None,AU,DOMESTIC
74304787,49.196.53.132,None,AU,DOMESTIC
31918160,220.245.35.123,None,AU,DOMESTIC
74622047,120.149.111.84,130.95.254.223,AU,DOMESTIC
72245742,130.95.254.154,None,AU,DOMESTIC
74564874,130.95.254.153,130.95.254.115,AU,DOMESTIC
75121410,130.95.40.100,None,AU,DOMESTIC
74338030,130.95.254.248,130.95.254.212,AU,DOMESTIC
74768091,130.95.254.178,130.95.254.137,AU,DOMESTIC
70716320,130.95.254.88,None,AU,DOMESTIC
75307182,125.63.25.27,None,AU,DOMESTIC
75105735,121.200.42.170,None,AU,DOMESTIC
74237519,125.63.29.113,None,AU,DOMESTIC
74684985,194.223.71.132,None,AU,DOMESTIC
75115576,130.95.254.193,None,AU,DOMESTIC
74575393,130.95.254.154,130.95.254.133,AU,DOMESTIC
74743222,110.22.8.88,130.95.254.128,AU,DOMESTIC
75248141,180.150.80.80,None,AU,DOMESTIC
74607873,130.95.254.183,None,AU,DOMESTIC
74820586,130.95.254.39,None,AU,DOMESTIC
74917382,120.16.143.98,None,AU,DOMESTIC
74691667,130.95.254.202,None,AU,DOMESTIC
74491482,101.118.159.26,130.95.254.99,AU,DOMESTIC
74929776,124.169.102.85,None,AU,DOMESTIC
74654367,130.95.254.239,130.95.254.173,AU,DOMESTIC
74237491,180.150.85.92,None,AU,DOMESTIC
72108445,147.69.56.236,None,AU,DOMESTIC
68273234,180.150.80.219,None,AU,DOMESTIC
74907196,130.95.254.148,106.68.240.229,AU,DOMESTIC
64420843,103.108.231.19,None,AU,DOMESTIC
75252477,203.206.250.171,193.119.34.36,AU,DOMESTIC
74905761,103.94.51.1,130.95.254.188,AU,DOMESTIC
74740067,81.153.102.25,None,GB,INTERNATIONAL
74469414,130.95.254.118,101.118.172.19,AU,DOMESTIC
74944971,121.217.169.62,110.146.146.208,AU,DOMESTIC
75193128,110.174.213.114,None,AU,DOMESTIC
74793911,1.127.106.239,None,AU,DOMESTIC
74661579,130.95.254.124,None,AU,DOMESTIC
73531308,106.68.148.41,None,AU,DOMESTIC
74757271,1.146.169.134,130.95.254.141,AU,DOMESTIC
74708488,58.178.211.118,None,AU,DOMESTIC
74732707,106.69.47.105,106.69.44.123,AU,DOMESTIC
74881200,130.95.40.98,None,AU,DOMESTIC
73420968,124.189.168.247,None,AU,DOMESTIC
74514630,114.198.5.172,None,AU,DOMESTIC
72799980,58.169.86.66,None,AU,DOMESTIC
75129694,120.149.77.8,130.95.254.128,AU,DOMESTIC
74785063,130.95.254.18,None,AU,DOMESTIC
74730373,116.240.249.34,None,AU,DOMESTIC
75172237,45.133.6.31,None,AU,DOMESTIC
74644523,58.169.78.146,None,AU,DOMESTIC
72165226,110.22.196.18,None,AU,DOMESTIC
74320067,130.95.254.33,None,AU,DOMESTIC
73440703,110.174.86.23,None,AU,DOMESTIC
73675098,49.196.33.187,None,AU,DOMESTIC
75247293,49.196.68.92,49.196.232.91,AU,DOMESTIC
74599354,130.95.254.114,130.95.254.11,AU,DOMESTIC
73385446,218.215.81.153,130.95.254.71,AU,DOMESTIC
73289977,130.95.254.168,101.189.11.246,AU,DOMESTIC
75133295,130.95.40.100,None,AU,DOMESTIC
75236212,130.95.40.111,None,AU,DOMESTIC
66904391,49.196.201.63,185.255.130.80,DE,INTERNATIONAL
73068726,134.115.208.74,None,AU,DOMESTIC
75277402,124.189.183.162,None,AU,DOMESTIC
74686335,101.185.203.203,None,AU,DOMESTIC
75028425,1.146.166.159,None,AU,DOMESTIC
71727249,125.63.29.11,None,AU,DOMESTIC
73416576,124.188.197.58,None,AU,DOMESTIC
74907476,220.235.86.4,None,AU,DOMESTIC
74565012,106.68.158.220,None,AU,DOMESTIC
73589112,49.196.34.254,None,AU,DOMESTIC
74574206,106.68.6.219,None,AU,DOMESTIC
75177057,114.198.7.65,None,AU,DOMESTIC
74878773,120.16.205.226,49.194.74.142,AU,DOMESTIC
75345908,110.175.110.215,130.95.254.41,AU,DOMESTIC
75280724,125.63.29.116,None,AU,DOMESTIC
75267901,14.200.91.137,None,AU,DOMESTIC
72624250,115.69.41.89,None,AU,DOMESTIC
74904747,58.160.82.139,None,AU,DOMESTIC
74864907,130.95.40.100,None,AU,DOMESTIC
74230558,125.63.25.108,None,AU,DOMESTIC
75270190,220.239.30.194,None,AU,DOMESTIC
74747615,172.198.95.240,None,AU,DOMESTIC
75363608,130.95.254.225,None,AU,DOMESTIC
74954987,130.95.254.172,130.95.254.174,AU,DOMESTIC
73487467,120.16.104.7,None,AU,DOMESTIC
74767049,147.69.89.137,None,AU,DOMESTIC
74342803,125.63.25.215,125.63.25.210,AU,DOMESTIC
73423788,130.95.254.46,None,AU,DOMESTIC
74668651,130.95.238.145,None,AU,DOMESTIC
74950814,130.95.40.101,None,AU,DOMESTIC
74384085,125.63.29.206,None,AU,DOMESTIC
75281886,122.148.245.21,None,AU,DOMESTIC
74695752,203.220.202.151,None,AU,DOMESTIC
75371659,130.95.254.154,None,AU,DOMESTIC
74487378,125.63.29.133,125.63.25.99,AU,DOMESTIC
72796259,60.225.64.125,203.206.254.44,AU,DOMESTIC
74487322,101.189.44.161,None,AU,DOMESTIC
74614379,60.225.6.210,None,AU,DOMESTIC
71448389,101.179.136.44,None,AU,DOMESTIC
74524104,120.16.82.174,None,AU,DOMESTIC
74957995,103.204.117.229,None,AU,DOMESTIC
73007870,58.7.173.194,60.240.25.139,AU,DOMESTIC
74306740,130.95.254.200,None,AU,DOMESTIC
74639675,147.69.89.88,60.228.181.108,AU,DOMESTIC
74883574,49.192.225.179,None,AU,DOMESTIC
73542879,130.95.254.122,130.95.254.160,AU,DOMESTIC
74945630,49.192.74.182,None,AU,DOMESTIC
73460473,124.188.229.249,None,AU,DOMESTIC
75128855,101.118.168.189,None,AU,DOMESTIC
74991329,149.167.162.212,None,AU,DOMESTIC
73444082,125.63.25.56,None,AU,DOMESTIC
74880214,106.68.239.118,None,AU,DOMESTIC
73527986,130.95.254.129,None,AU,DOMESTIC
74973793,130.95.254.208,None,AU,DOMESTIC
75161524,101.118.143.164,None,AU,DOMESTIC
74875190,118.102.69.185,None,AU,DOMESTIC
75364588,125.63.25.57,125.63.29.186,AU,DOMESTIC
74449623,130.95.254.144,None,AU,DOMESTIC
75120500,60.242.2.219,None,AU,DOMESTIC
73403004,130.95.254.42,None,AU,DOMESTIC
74114660,130.95.254.161,None,AU,DOMESTIC
74444546,124.187.150.62,None,AU,DOMESTIC
72420721,118.209.192.166,None,AU,DOMESTIC
74601838,124.189.164.45,121.217.65.86,AU,DOMESTIC
74693884,130.95.254.136,None,AU,DOMESTIC
73383361,194.223.95.251,None,AU,DOMESTIC
75312665,106.68.49.236,None,AU,DOMESTIC
74948302,122.151.113.137,None,AU,DOMESTIC
75447226,130.95.188.149,130.95.108.78,AU,DOMESTIC
74217674,180.150.80.213,125.63.25.72,AU,DOMESTIC
74823274,110.174.36.172,None,AU,DOMESTIC
74675050,220.245.253.51,None,AU,DOMESTIC
74901186,49.194.59.77,None,AU,DOMESTIC
74181583,49.196.72.241,None,AU,DOMESTIC
74774176,49.196.84.118,None,AU,DOMESTIC
74575625,130.95.254.186,130.95.254.194,AU,DOMESTIC
72499991,130.95.40.100,None,AU,DOMESTIC
74555931,130.95.254.121,None,AU,DOMESTIC
74771413,130.95.254.2,None,AU,DOMESTIC
74985655,125.63.25.42,125.63.29.197,AU,DOMESTIC
75123552,130.95.254.144,None,AU,DOMESTIC
75465573,130.95.254.147,None,AU,DOMESTIC
74556534,58.7.184.243,49.196.200.189,AU,DOMESTIC
75262833,125.63.29.78,None,AU,DOMESTIC
75359074,130.95.40.100,None,AU,DOMESTIC
74786225,203.220.202.57,None,AU,DOMESTIC
74667049,123.243.174.102,None,AU,DOMESTIC
74761105,130.95.254.105,None,AU,DOMESTIC
74760313,58.171.55.222,None,AU,DOMESTIC
73562802,130.95.254.3,None,AU,DOMESTIC
75455933,130.95.254.213,130.95.254.73,AU,DOMESTIC
73256203,130.95.254.26,None,AU,DOMESTIC
75279318,130.95.254.115,None,AU,DOMESTIC
74766992,130.95.254.47,None,AU,DOMESTIC
73697260,125.63.29.49,None,AU,DOMESTIC
74600657,49.196.169.138,None,AU,DOMESTIC
74509421,49.192.22.225,None,AU,DOMESTIC
75361991,101.189.31.34,None,AU,DOMESTIC
70621853,101.185.203.81,None,AU,DOMESTIC
74670516,130.95.254.43,None,AU,DOMESTIC
74766769,130.95.254.75,130.95.254.124,AU,DOMESTIC
74899387,60.225.2.241,None,AU,DOMESTIC
74740905,130.95.254.101,None,AU,DOMESTIC
74791921,130.95.254.8,None,AU,DOMESTIC
74831573,49.194.78.165,None,AU,DOMESTIC
74657243,130.95.254.80,None,AU,DOMESTIC
74349316,180.150.81.235,None,AU,DOMESTIC
72494744,159.196.133.234,None,AU,DOMESTIC
75279914,203.217.65.182,None,AU,DOMESTIC
74744664,27.33.59.209,None,AU,DOMESTIC
75184929,49.192.209.162,None,AU,DOMESTIC
74849967,101.185.154.155,None,AU,DOMESTIC
75124509,58.175.90.20,None,AU,DOMESTIC
74598004,125.63.25.232,125.63.25.191,AU,DOMESTIC
74304674,1.126.104.231,None,AU,DOMESTIC
74352016,101.189.34.186,None,AU,DOMESTIC
74231993,49.192.120.40,1.146.248.211,AU,DOMESTIC
74488132,1.159.146.183,None,AU,DOMESTIC
74603364,120.149.3.137,None,AU,DOMESTIC
75200859,130.95.40.72,None,AU,DOMESTIC
75108979,130.95.254.199,None,AU,DOMESTIC
74695017,58.169.12.83,None,AU,DOMESTIC
73491876,125.63.25.233,None,AU,DOMESTIC
74684410,130.95.254.194,None,AU,DOMESTIC
69888038,120.149.54.173,None,AU,DOMESTIC
74681647,106.69.43.100,None,AU,DOMESTIC
74417394,120.16.58.27,None,AU,DOMESTIC
70715836,122.148.254.38,None,AU,DOMESTIC
74767077,49.194.218.154,None,AU,DOMESTIC
73738674,130.95.254.216,None,AU,DOMESTIC
75400908,130.95.254.120,60.242.206.132,AU,DOMESTIC
75355444,130.95.254.198,None,AU,DOMESTIC
73068670,130.95.254.19,None,AU,DOMESTIC
74925383,121.200.42.221,None,AU,DOMESTIC
74845351,49.196.224.101,None,AU,DOMESTIC
74763950,130.95.254.198,None,AU,DOMESTIC
74639693,130.95.254.238,None,AU,DOMESTIC
74306285,125.63.29.226,None,AU,DOMESTIC
75242102,101.175.156.107,None,AU,DOMESTIC
74632848,124.187.149.12,None,AU,DOMESTIC
75059857,220.235.84.102,None,AU,DOMESTIC
74721738,125.63.25.45,None,AU,DOMESTIC
74740170,203.59.178.191,None,AU,DOMESTIC
75360474,49.196.182.14,None,AU,DOMESTIC
74858897,125.63.29.212,None,AU,DOMESTIC
75372227,58.169.51.190,None,AU,DOMESTIC
75383114,203.219.234.206,None,AU,DOMESTIC
74703417,130.95.40.101,None,AU,DOMESTIC
75361655,49.185.75.195,None,AU,DOMESTIC
74849715,106.68.210.72,None,AU,DOMESTIC
72173041,130.95.254.212,None,AU,DOMESTIC
75390920,60.225.12.13,None,AU,DOMESTIC
74823638,139.218.125.54,None,AU,DOMESTIC
73081939,125.63.29.60,None,AU,DOMESTIC
73374814,130.95.254.102,None,AU,DOMESTIC
74599074,130.95.254.57,None,AU,DOMESTIC
74762502,130.95.254.28,None,AU,DOMESTIC
74651855,130.95.254.161,None,AU,DOMESTIC
73352425,130.95.254.234,None,AU,DOMESTIC
74854108,220.240.140.46,None,AU,DOMESTIC
72126770,61.69.143.199,None,AU,DOMESTIC
74506966,130.95.254.147,None,AU,DOMESTIC
72153357,149.167.161.119,None,AU,DOMESTIC
72425551,180.150.82.15,None,AU,DOMESTIC
75060284,27.96.195.160,120.16.118.58,AU,DOMESTIC
74499810,220.244.185.68,None,AU,DOMESTIC
74523404,130.95.254.85,None,AU,DOMESTIC
75161747,14.202.196.224,None,AU,DOMESTIC
75278128,211.26.35.239,None,AU,DOMESTIC
74363430,125.63.29.55,None,AU,DOMESTIC
73533402,130.95.254.158,None,AU,DOMESTIC
74902747,49.192.105.165,None,AU,DOMESTIC
66406252,220.240.140.124,None,AU,DOMESTIC
75128547,14.202.241.146,None,AU,DOMESTIC
74848246,120.16.119.45,None,AU,DOMESTIC
74604127,49.194.226.122,None,AU,DOMESTIC
74679235,58.160.90.64,None,AU,DOMESTIC
74692932,1.146.181.77,None,AU,DOMESTIC
74566874,130.95.254.43,None,AU,DOMESTIC
74740710,130.95.40.98,None,AU,DOMESTIC
74396456,130.95.254.117,101.185.172.232,AU,DOMESTIC
74943397,60.225.14.87,None,AU,DOMESTIC
73609265,130.95.254.102,101.187.152.73,AU,DOMESTIC
75086048,130.95.254.19,130.95.254.204,AU,DOMESTIC
74636123,203.59.41.11,None,AU,DOMESTIC
72508243,130.95.254.71,None,AU,DOMESTIC
74944217,115.64.205.135,None,AU,DOMESTIC
73364913,130.95.254.36,None,AU,DOMESTIC
73333736,130.95.254.216,None,AU,DOMESTIC
71294334,130.95.40.98,None,AU,DOMESTIC
75200133,130.95.254.149,None,AU,DOMESTIC
72939515,61.68.196.108,None,AU,DOMESTIC
74782670,115.70.254.194,None,AU,DOMESTIC
74231908,125.63.29.222,125.63.25.116,AU,DOMESTIC
73067734,1.146.169.81,None,AU,DOMESTIC
74666854,101.118.226.167,None,AU,DOMESTIC
74229889,130.95.254.146,None,AU,DOMESTIC
74231434,120.16.229.50,None,AU,DOMESTIC
73147635,110.146.164.176,None,AU,DOMESTIC
75269986,159.196.133.232,None,AU,DOMESTIC
74484383,106.69.9.104,None,AU,DOMESTIC
74766713,130.95.254.237,None,AU,DOMESTIC
74964888,49.194.116.55,None,AU,DOMESTIC
73548462,220.244.209.124,None,AU,DOMESTIC
74570708,180.150.83.31,None,AU,DOMESTIC
72475455,49.194.40.230,None,AU,DOMESTIC
75314646,121.44.72.139,None,AU,DOMESTIC
75328261,147.69.122.24,None,AU,DOMESTIC
74346301,1.127.107.214,None,AU,DOMESTIC
74802207,1.159.223.159,None,AU,DOMESTIC
74812017,106.69.178.151,None,AU,DOMESTIC
75281004,1.159.173.73,None,AU,DOMESTIC
74894002,130.95.254.172,None,AU,DOMESTIC
74552888,101.189.4.187,None,AU,DOMESTIC
74485563,110.141.231.204,None,AU,DOMESTIC
74669307,86.48.13.112,None,DK,INTERNATIONAL
74607976,124.170.42.21,None,AU,DOMESTIC
74611754,139.218.126.60,None,AU,DOMESTIC
74208826,110.174.59.166,None,AU,DOMESTIC
74021088,180.150.80.26,None,AU,DOMESTIC
74991405,130.95.254.72,130.95.254.14,AU,DOMESTIC
73596557,60.225.68.48,None,AU,DOMESTIC
74599297,101.118.194.108,None,AU,DOMESTIC
74883684,49.194.190.26,None,AU,DOMESTIC
74846582,125.63.29.207,None,AU,DOMESTIC
72834825,58.84.158.12,None,AU,DOMESTIC
74668315,61.68.124.160,None,AU,DOMESTIC
74415403,125.63.29.47,None,AU,DOMESTIC
74345334,125.63.25.165,None,AU,DOMESTIC
74682501,130.95.254.103,None,AU,DOMESTIC
74835071,130.95.254.183,None,AU,DOMESTIC
75278508,147.69.9.39,139.168.232.70,AU,DOMESTIC
74191597,1.146.240.111,None,AU,DOMESTIC
74477101,125.63.29.70,None,AU,DOMESTIC
74774940,58.169.33.195,None,AU,DOMESTIC
74637473,60.240.225.117,None,AU,DOMESTIC
75120361,121.44.223.37,None,AU,DOMESTIC
74366928,130.95.254.162,None,AU,DOMESTIC
74283203,124.170.59.22,None,AU,DOMESTIC
74678667,159.196.132.237,None,AU,DOMESTIC
73023900,60.225.76.111,None,AU,DOMESTIC
74744868,130.95.254.228,None,AU,DOMESTIC
74239927,101.189.101.208,None,AU,DOMESTIC
74577330,120.16.0.159,None,AU,DOMESTIC
74606343,110.22.108.140,None,AU,DOMESTIC
74888105,101.118.162.121,None,AU,DOMESTIC
74145473,115.64.157.77,None,AU,DOMESTIC
74816017,106.69.58.102,None,AU,DOMESTIC
72714245,52.63.10.107,None,AU,DOMESTIC
73477714,130.95.254.214,None,AU,DOMESTIC
72641570,130.95.254.239,None,AU,DOMESTIC
74797491,110.22.116.58,None,AU,DOMESTIC
73382682,125.63.25.9,None,AU,DOMESTIC
74409513,130.95.254.64,None,AU,DOMESTIC
75151155,101.189.19.108,None,AU,DOMESTIC
74657604,1.159.188.119,None,AU,DOMESTIC
72915202,163.47.57.142,None,AU,DOMESTIC
75362214,130.95.254.214,None,AU,DOMESTIC
75181299,120.16.46.157,None,AU,DOMESTIC
75363153,103.106.88.49,None,AU,DOMESTIC
74622075,1.159.183.204,None,AU,DOMESTIC
75173503,101.175.166.171,None,AU,DOMESTIC
74687230,130.95.254.144,None,AU,DOMESTIC
69953790,180.150.80.48,None,AU,DOMESTIC
75446127,106.68.233.8,None,AU,DOMESTIC
74680809,130.95.254.210,None,AU,DOMESTIC
74677339,1.159.227.64,None,AU,DOMESTIC
75106323,130.95.254.60,None,AU,DOMESTIC
73010718,203.217.65.170,None,AU,DOMESTIC
73617900,130.95.40.72,None,AU,DOMESTIC
75203760,130.95.254.190,None,AU,DOMESTIC
75160908,120.16.33.167,None,AU,DOMESTIC
73567239,1.159.188.235,None,AU,DOMESTIC
72502892,130.95.254.145,203.59.178.186,AU,DOMESTIC
75332051,130.95.40.72,None,AU,DOMESTIC
73440983,58.169.83.79,None,AU,DOMESTIC
74730038,130.95.254.243,None,AU,DOMESTIC
73011202,159.196.82.132,None,AU,DOMESTIC
72134579,103.94.51.1,None,AU,DOMESTIC
74897695,49.185.128.204,130.95.40.100,AU,DOMESTIC
73662783,147.69.80.86,None,AU,DOMESTIC
74954896,130.95.254.159,None,AU,DOMESTIC
73280695,58.175.69.130,None,AU,DOMESTIC
74680269,130.95.254.228,None,AU,DOMESTIC
74723748,180.150.81.191,None,AU,DOMESTIC
74170650,1.159.201.117,None,AU,DOMESTIC
75083228,130.95.40.101,None,AU,DOMESTIC
74485174,130.95.40.101,None,AU,DOMESTIC
74587573,130.95.254.131,None,AU,DOMESTIC
73474562,180.150.80.202,None,AU,DOMESTIC
74561347,130.95.254.107,None,AU,DOMESTIC
74503559,130.95.254.85,None,AU,DOMESTIC
74502705,130.95.254.69,None,AU,DOMESTIC
75103167,49.194.105.245,None,AU,DOMESTIC
74947567,130.95.40.98,None,AU,DOMESTIC
74561011,130.95.40.99,None,AU,DOMESTIC
74649035,130.95.254.238,None,AU,DOMESTIC
74698069,101.189.18.12,None,AU,DOMESTIC
71859170,60.240.21.196,None,AU,DOMESTIC
75332406,203.206.118.5,None,AU,DOMESTIC
73291958,130.95.254.238,None,AU,DOMESTIC
73412588,110.22.85.218,None,AU,DOMESTIC
73765467,203.219.212.39,None,AU,DOMESTIC
75278099,1.126.111.216,None,AU,DOMESTIC
73547495,203.213.61.72,193.119.37.120,AU,DOMESTIC
74232391,220.244.160.201,None,AU,DOMESTIC
74232272,27.96.192.163,None,AU,DOMESTIC
74486207,13.210.242.103,None,AU,DOMESTIC
74231377,125.63.29.74,None,AU,DOMESTIC
74493771,220.235.115.109,None,AU,DOMESTIC
74821292,165.225.226.167,None,US,INTERNATIONAL
74670264,130.95.254.88,None,AU,DOMESTIC
74734895,106.68.55.45,None,AU,DOMESTIC
74773030,106.69.228.165,None,AU,DOMESTIC
75115381,124.189.135.71,None,AU,DOMESTIC
74530531,110.142.189.71,None,AU,DOMESTIC
74578121,130.95.254.239,None,AU,DOMESTIC
74952029,49.255.51.131,None,AU,DOMESTIC
74704403,125.63.25.64,None,AU,DOMESTIC
71029120,14.203.176.248,None,AU,DOMESTIC
74678975,125.63.29.227,None,AU,DOMESTIC
71542526,130.95.254.118,None,AU,DOMESTIC
74207039,130.95.254.142,None,AU,DOMESTIC
72120876,130.95.254.148,None,AU,DOMESTIC
75152989,130.95.254.111,None,AU,DOMESTIC
75199223,1.146.182.150,130.95.40.101,AU,DOMESTIC
74737099,125.63.25.165,None,AU,DOMESTIC
74379387,101.118.233.216,None,AU,DOMESTIC
74450552,130.95.254.58,None,AU,DOMESTIC
74546542,130.95.254.110,None,AU,DOMESTIC
74985320,149.167.161.24,None,AU,DOMESTIC
73332106,125.63.29.85,None,AU,DOMESTIC
75277682,49.192.145.36,None,AU,DOMESTIC
74663551,159.196.134.93,None,AU,DOMESTIC
74591639,125.63.29.236,None,AU,DOMESTIC
73388887,203.59.10.213,None,AU,DOMESTIC
72138504,130.95.40.101,144.138.149.220,AU,DOMESTIC
75363033,220.235.82.193,None,AU,DOMESTIC
73447178,125.63.25.222,None,AU,DOMESTIC
75248169,130.95.254.3,None,AU,DOMESTIC
74505719,130.95.254.85,None,AU,DOMESTIC
73119192,125.63.29.66,None,AU,DOMESTIC
74708664,101.185.220.100,None,AU,DOMESTIC
73297485,58.64.14.199,223.27.193.140,TH,INTERNATIONAL
74970175,130.95.254.127,None,AU,DOMESTIC
75013457,130.95.40.100,None,AU,DOMESTIC
71380832,60.242.31.219,None,AU,DOMESTIC
74764088,60.225.77.91,None,AU,DOMESTIC
74609706,130.95.254.139,None,AU,DOMESTIC
72538296,220.235.69.251,None,AU,DOMESTIC
73415831,130.95.254.224,None,AU,DOMESTIC
74605188,1.159.214.219,None,AU,DOMESTIC
66385688,14.202.85.146,None,AU,DOMESTIC
71965500,130.95.40.101,None,AU,DOMESTIC
74742180,130.95.254.97,None,AU,DOMESTIC
74578919,125.63.25.113,None,AU,DOMESTIC
73082115,103.94.51.1,None,AU,DOMESTIC
74903472,130.95.254.168,None,AU,DOMESTIC
74546655,120.16.81.255,None,AU,DOMESTIC
74483221,130.95.254.80,None,AU,DOMESTIC
75197194,130.95.40.101,None,AU,DOMESTIC
75132093,130.95.254.74,None,AU,DOMESTIC
72504939,130.95.254.21,None,AU,DOMESTIC
75270441,203.63.76.174,None,AU,DOMESTIC
74563580,125.63.25.19,None,AU,DOMESTIC
75362754,203.206.246.240,None,AU,DOMESTIC
72314329,49.255.51.131,None,AU,DOMESTIC
72152817,49.194.218.39,None,AU,DOMESTIC
72139120,1.159.202.222,None,AU,DOMESTIC
72861863,123.208.144.178,None,AU,DOMESTIC
74162103,124.178.160.53,None,AU,DOMESTIC
75155652,1.126.110.252,130.95.40.100,AU,DOMESTIC
74810315,202.7.181.84,None,AU,DOMESTIC
72259241,180.150.81.58,None,AU,DOMESTIC
74734559,206.83.119.238,None,US,INTERNATIONAL
74518380,130.95.254.10,None,AU,DOMESTIC
74919794,120.149.93.215,None,AU,DOMESTIC
74660788,14.202.241.154,None,AU,DOMESTIC
74557206,220.244.69.211,None,AU,DOMESTIC
73366336,180.150.88.209,None,AU,DOMESTIC
75079702,130.95.254.58,None,AU,DOMESTIC
73444025,130.95.40.101,None,AU,DOMESTIC
74891964,180.150.81.184,None,AU,DOMESTIC
73188995,103.89.81.199,None,AU,DOMESTIC
75160648,180.150.83.211,130.95.254.175,AU,DOMESTIC
74780466,202.161.125.218,14.201.148.19,AU,DOMESTIC
74496302,49.194.28.131,None,AU,DOMESTIC
74730232,124.148.70.161,None,AU,DOMESTIC
73520858,130.95.254.196,None,AU,DOMESTIC
74771357,49.194.172.133,None,AU,DOMESTIC
74358365,49.192.29.122,None,AU,DOMESTIC
74866593,130.95.254.66,None,AU,DOMESTIC
74686278,130.95.254.13,None,AU,DOMESTIC
66334519,211.26.39.183,None,AU,DOMESTIC
74851687,101.189.110.163,None,AU,DOMESTIC
74268203,125.63.25.132,None,AU,DOMESTIC
74389034,130.95.254.246,None,AU,DOMESTIC
72002090,58.7.119.249,None,AU,DOMESTIC
74670572,14.200.194.153,130.95.254.101,AU,DOMESTIC
74722194,203.24.48.208,None,AU,DOMESTIC
74820334,130.95.254.88,None,AU,DOMESTIC
73250708,130.95.254.24,None,AU,DOMESTIC
73275549,124.189.169.201,None,AU,DOMESTIC
75365294,130.95.254.59,None,AU,DOMESTIC
73169706,130.95.238.106,None,AU,DOMESTIC
72462235,106.69.7.51,None,AU,DOMESTIC
73438879,125.63.25.56,None,AU,DOMESTIC
74689918,130.95.254.135,None,AU,DOMESTIC
74742431,49.192.219.188,None,AU,DOMESTIC
74508846,130.95.40.101,None,AU,DOMESTIC
72687125,130.95.254.221,None,AU,DOMESTIC
75114518,130.95.254.83,None,AU,DOMESTIC
73598473,130.95.254.29,None,AU,DOMESTIC
75267445,130.95.40.99,None,AU,DOMESTIC
74339016,130.95.254.82,None,AU,DOMESTIC
74911344,130.95.254.27,None,AU,DOMESTIC
74318669,130.95.254.237,125.63.29.222,AU,DOMESTIC
75173195,49.192.121.96,None,AU,DOMESTIC
74200926,149.167.160.232,None,AU,DOMESTIC
74678491,130.95.40.99,None,AU,DOMESTIC
74114353,134.7.244.219,None,AU,DOMESTIC
74797268,49.196.81.128,None,AU,DOMESTIC
74586634,220.244.184.16,None,AU,DOMESTIC
75040810,220.158.190.205,None,AU,DOMESTIC
74758137,125.63.25.232,None,AU,DOMESTIC
70727932,120.16.188.62,None,AU,DOMESTIC
74926388,60.225.2.241,None,AU,DOMESTIC
75349406,121.200.35.81,None,AU,DOMESTIC
74874911,120.16.97.31,None,AU,DOMESTIC
74783797,130.95.254.222,None,AU,DOMESTIC
75122845,58.7.92.219,None,AU,DOMESTIC
73372729,125.63.25.14,None,AU,DOMESTIC
75003230,114.198.10.141,None,AU,DOMESTIC
73098522,58.175.82.3,None,AU,DOMESTIC
74748218,138.217.254.89,None,AU,DOMESTIC
73388432,125.63.29.234,None,AU,DOMESTIC
73333092,218.215.89.170,None,AU,DOMESTIC
73345608,130.95.254.170,None,AU,DOMESTIC
73366530,101.187.150.77,None,AU,DOMESTIC
73736877,125.63.25.242,None,AU,DOMESTIC
73536285,130.95.254.205,130.95.254.234,AU,DOMESTIC
74756445,139.216.49.186,None,AU,DOMESTIC
75132708,58.7.121.237,None,AU,DOMESTIC
74717569,121.44.220.231,None,AU,DOMESTIC
74860024,14.200.167.185,None,AU,DOMESTIC
74796226,124.189.180.16,None,AU,DOMESTIC
75026482,121.217.68.11,None,AU,DOMESTIC
75101270,58.173.10.128,None,AU,DOMESTIC
73004096,49.192.223.209,None,AU,DOMESTIC
73437400,139.216.53.165,None,AU,DOMESTIC
74611531,58.7.174.253,None,AU,DOMESTIC
75176630,58.168.4.135,None,AU,DOMESTIC
74852535,101.185.146.170,None,AU,DOMESTIC
73607654,14.201.104.236,None,AU,DOMESTIC
74630393,1.127.108.240,None,AU,DOMESTIC
74570372,125.63.29.216,None,AU,DOMESTIC
75277346,60.225.75.182,None,AU,DOMESTIC
74702095,103.100.28.13,None,AU,DOMESTIC
74911856,110.22.192.163,None,AU,DOMESTIC
74335741,14.202.39.77,None,AU,DOMESTIC
73243970,125.63.25.6,None,AU,DOMESTIC
74560732,123.208.177.15,None,AU,DOMESTIC
73397801,1.159.159.32,None,AU,DOMESTIC
72904950,106.68.167.239,None,AU,DOMESTIC
75407562,202.169.20.158,None,AU,DOMESTIC
73622710,130.95.254.24,None,AU,DOMESTIC
74831497,116.212.244.50,None,AU,DOMESTIC
74506881,172.198.234.213,None,AU,DOMESTIC
74357734,58.173.24.131,None,AU,DOMESTIC
74648049,101.185.227.73,None,AU,DOMESTIC
75279607,58.7.223.160,None,AU,DOMESTIC
74482606,106.68.48.204,None,AU,DOMESTIC
73417301,169.150.196.66,None,US,INTERNATIONAL
74815794,1.127.111.10,None,AU,DOMESTIC
74933255,130.95.254.127,None,AU,DOMESTIC
74773618,180.150.83.101,None,AU,DOMESTIC
72770916,130.95.254.116,None,AU,DOMESTIC
74169431,130.95.254.81,None,AU,DOMESTIC
74512916,103.94.51.1,None,AU,DOMESTIC
74821543,120.16.189.126,None,AU,DOMESTIC
74496905,159.196.134.161,None,AU,DOMESTIC
75230428,49.194.25.30,None,AU,DOMESTIC
72530888,193.119.32.3,None,AU,DOMESTIC
74937256,203.206.29.3,None,AU,DOMESTIC
75341970,194.223.190.105,None,AU,DOMESTIC
75084503,203.63.215.87,None,AU,DOMESTIC
75111334,118.209.205.119,None,AU,DOMESTIC
74852815,130.95.254.3,None,AU,DOMESTIC
75125050,134.7.244.247,None,AU,DOMESTIC
74712014,180.150.123.220,None,AU,DOMESTIC
75276498,220.235.59.84,None,AU,DOMESTIC
74608934,60.225.45.81,49.183.6.79,AU,DOMESTIC
74462927,130.95.108.249,None,AU,DOMESTIC
74936744,130.95.254.148,None,AU,DOMESTIC
74785546,58.175.87.248,None,AU,DOMESTIC
74586467,121.200.35.211,None,AU,DOMESTIC
74879935,60.225.53.166,None,AU,DOMESTIC
74837052,130.95.254.88,None,AU,DOMESTIC
74665385,157.211.84.207,None,AU,DOMESTIC
74681562,130.95.254.198,None,AU,DOMESTIC
74707313,1.159.203.247,None,AU,DOMESTIC
75124082,130.95.254.141,None,AU,DOMESTIC
74493037,49.185.208.216,None,AU,DOMESTIC
74894671,125.63.25.208,None,AU,DOMESTIC
74700368,159.196.134.231,None,AU,DOMESTIC
74006798,125.63.29.125,None,AU,DOMESTIC
74786727,130.95.254.83,None,AU,DOMESTIC
73835596,130.95.254.137,None,AU,DOMESTIC
74626986,130.95.254.7,None,AU,DOMESTIC
74484326,14.201.250.110,None,AU,DOMESTIC
75280753,121.200.42.222,None,AU,DOMESTIC
74413673,125.63.25.132,None,AU,DOMESTIC
75238184,130.95.254.193,None,AU,DOMESTIC
72548384,130.95.40.100,None,AU,DOMESTIC
74542601,130.95.40.101,None,AU,DOMESTIC
74786978,130.95.40.100,None,AU,DOMESTIC
74677728,130.95.254.174,58.173.16.15,AU,DOMESTIC
74866006,130.95.254.220,None,AU,DOMESTIC
73674429,130.95.254.167,None,AU,DOMESTIC
74778177,203.206.31.1,None,AU,DOMESTIC
73612398,130.95.254.73,None,AU,DOMESTIC
74859939,125.63.29.107,125.63.25.201,AU,DOMESTIC
74958375,130.95.40.99,None,AU,DOMESTIC
72120346,49.194.76.101,None,AU,DOMESTIC
74799576,14.202.167.215,None,AU,DOMESTIC
74741128,60.225.75.57,None,AU,DOMESTIC
73428887,220.240.92.65,None,AU,DOMESTIC
74899557,58.173.54.161,None,AU,DOMESTIC
73524488,49.196.203.24,None,AU,DOMESTIC
73325101,138.217.238.159,None,AU,DOMESTIC
74694050,124.188.199.102,None,AU,DOMESTIC
73411470,1.146.226.58,None,AU,DOMESTIC
74692282,49.183.69.9,None,AU,DOMESTIC
72706515,180.150.83.54,None,AU,DOMESTIC
74611223,180.150.80.56,None,AU,DOMESTIC
75105764,130.95.254.25,None,AU,DOMESTIC
73461236,130.95.254.118,None,AU,DOMESTIC
57477220,49.194.183.70,None,AU,DOMESTIC
74684957,49.184.139.75,None,AU,DOMESTIC
70433375,49.183.36.193,None,AU,DOMESTIC
74294049,106.69.32.174,None,AU,DOMESTIC
74221480,58.169.35.56,130.95.40.101,AU,DOMESTIC
75252254,49.192.26.103,None,AU,DOMESTIC
74532057,130.95.254.85,None,AU,DOMESTIC
73250680,121.200.35.115,None,AU,DOMESTIC
75257752,106.69.248.206,None,AU,DOMESTIC
74503103,130.95.254.101,None,AU,DOMESTIC
74830649,110.146.230.38,None,AU,DOMESTIC
74334197,120.16.175.72,None,AU,DOMESTIC
72745068,130.95.254.179,None,AU,DOMESTIC
74686448,130.95.254.155,None,AU,DOMESTIC
75120613,130.95.254.183,None,AU,DOMESTIC
73250652,120.16.237.133,None,AU,DOMESTIC
74483927,130.95.254.117,None,AU,DOMESTIC
75377641,180.150.81.143,None,AU,DOMESTIC
74427740,130.95.254.71,None,AU,DOMESTIC
73335400,130.95.254.169,None,AU,DOMESTIC
74222664,125.63.25.26,None,AU,DOMESTIC
74358042,49.255.51.131,None,AU,DOMESTIC
74521199,101.189.4.124,None,AU,DOMESTIC
72040712,139.216.231.47,None,AU,DOMESTIC
72437850,115.70.210.0,None,AU,DOMESTIC
73636105,116.240.114.176,None,AU,DOMESTIC
74755625,58.169.27.236,None,AU,DOMESTIC
75223774,104.28.108.0,None,US,INTERNATIONAL
74775470,61.69.247.59,None,AU,DOMESTIC
74728587,203.217.65.147,None,AU,DOMESTIC
74600795,130.95.254.25,None,AU,DOMESTIC
74916864,121.200.42.37,None,AU,DOMESTIC
74356051,144.138.151.151,None,AU,DOMESTIC
73349860,60.241.73.15,None,AU,DOMESTIC
74648021,106.68.209.223,None,AU,DOMESTIC
73354435,130.95.241.30,None,AU,DOMESTIC
74578975,130.95.254.30,None,AU,DOMESTIC
74243893,58.175.68.231,None,AU,DOMESTIC
75022255,125.63.25.2,None,AU,DOMESTIC
73368103,121.44.201.121,None,AU,DOMESTIC
74495549,106.68.23.232,None,AU,DOMESTIC
73387446,203.213.62.81,None,AU,DOMESTIC
75176891,49.194.38.191,None,AU,DOMESTIC
72900570,130.95.254.74,None,AU,DOMESTIC
73362037,211.26.94.215,None,AU,DOMESTIC
74074650,130.95.40.98,None,AU,DOMESTIC
74496274,130.95.40.100,None,AU,DOMESTIC
74529630,101.189.77.214,130.95.40.99,AU,DOMESTIC
72611454,130.95.254.190,None,AU,DOMESTIC
74721487,130.95.254.33,None,AU,DOMESTIC
74823581,130.95.254.57,None,AU,DOMESTIC
74514489,130.95.254.47,None,AU,DOMESTIC
74490217,120.16.208.8,None,AU,DOMESTIC
74591686,101.118.226.92,None,AU,DOMESTIC
73447809,125.63.25.223,None,AU,DOMESTIC
72900793,121.200.35.212,None,AU,DOMESTIC
73062522,130.95.254.134,None,AU,DOMESTIC
73532014,130.95.254.88,None,AU,DOMESTIC
74641229,130.95.254.123,None,AU,DOMESTIC
74608824,130.95.254.176,None,AU,DOMESTIC
68193773,202.171.182.7,None,AU,DOMESTIC
73582368,120.16.234.44,None,AU,DOMESTIC
73143185,130.95.254.210,None,AU,DOMESTIC
72955441,138.199.12.53,None,US,INTERNATIONAL
74898002,103.23.2.10,None,AU,DOMESTIC
74586326,130.95.254.190,None,AU,DOMESTIC
73477008,130.95.40.101,None,AU,DOMESTIC
75271644,130.95.254.118,None,AU,DOMESTIC
74994372,130.95.177.233,None,AU,DOMESTIC
73538389,49.194.25.175,None,AU,DOMESTIC
74189995,49.194.190.76,None,AU,DOMESTIC
74592226,60.228.159.28,None,AU,DOMESTIC
74939284,101.189.59.62,None,AU,DOMESTIC
73397968,58.7.177.195,None,AU,DOMESTIC
