Username,IPAddress1,IPAddress2
74419897,125.63.25.45,125.63.29.201
74597297,106.68.231.231,60.241.63.163
74858058,130.95.108.251,130.95.154.173
75118311,116.206.185.138,120.16.190.125
74703360,58.169.79.193,101.175.150.129
74703360,58.169.79.193,101.175.150.129
74703360,58.169.79.193,101.175.150.129
74768678,130.95.254.109,130.95.40.111
75084223,149.167.162.98,130.95.40.98
73749560,125.63.25.142,125.63.25.57
74488383,130.95.40.101,130.95.254.153
74968574,106.69.187.234,106.69.186.230
74750378,103.94.51.1,1.159.224.105
74757271,130.95.254.27,1.146.169.134
74563636,60.242.90.190,58.168.0.181
74563636,60.242.90.190,58.168.0.181
74563636,60.242.90.190,130.95.254.167
75215660,130.95.254.218,130.95.254.193
73289977,130.95.254.168,101.189.11.246
75345908,115.69.43.223,110.175.110.215
75345908,115.69.43.223,110.175.110.215
74691918,121.200.36.195,130.95.40.101
74691918,121.200.36.195,130.95.40.101
74954987,130.95.254.172,130.95.254.174
74954987,130.95.254.172,130.95.254.174
74244367,110.175.64.85,106.68.226.198
74244367,110.175.64.85,194.223.91.68
74469414,130.95.254.118,101.118.172.19
74244367,110.175.64.85,194.223.91.68
74907196,130.95.254.148,106.68.240.229
74907196,130.95.254.148,106.68.240.229
74488383,130.95.40.101,110.146.148.28
74469414,130.95.254.118,101.118.172.19
74757271,130.95.254.27,130.95.254.141
74556534,58.7.184.243,49.196.200.189
75247293,49.196.231.9,49.183.67.88
74944971,121.217.169.62,110.146.146.208
74674629,130.95.254.135,134.7.244.28
74674629,130.95.254.135,134.7.244.28
74674629,130.95.254.135,134.7.244.28
74858058,130.95.108.251,130.95.238.146
74858058,130.95.108.251,130.95.238.146
74768091,130.95.254.178,130.95.254.137
74217674,180.150.80.213,125.63.25.72
74217674,180.150.80.213,125.63.25.72
66904391,49.196.201.63,185.255.130.80
74985655,125.63.25.42,125.63.29.197
75447226,1.146.133.62,130.95.188.149
74491482,101.118.159.26,130.95.254.99
74639675,147.69.89.88,60.228.181.108
74639675,147.69.89.88,60.228.181.108
74338030,130.95.254.248,130.95.254.212
73609265,130.95.254.102,101.187.152.73
74419897,125.63.25.45,125.63.25.161
74732707,106.69.47.105,106.69.44.123
74396456,130.95.254.117,101.185.172.232
74510297,49.192.143.179,49.192.130.21
74598004,125.63.25.232,125.63.25.191
74991405,130.95.254.72,130.95.254.14
74654367,130.95.254.239,130.95.254.173
74564874,130.95.254.80,130.95.254.153
75128177,147.69.121.39,147.69.1.196
75128177,147.69.121.39,147.69.1.196
74743222,110.22.8.88,130.95.254.128
75345908,115.69.43.223,130.95.254.41
75345908,115.69.43.223,130.95.254.41
74905761,103.94.51.1,130.95.254.188
74878773,120.16.205.226,49.194.74.142
74878773,120.16.205.226,49.194.74.142
74878773,120.16.205.226,49.194.74.142
74603539,203.123.103.4,103.210.27.56
75247293,49.196.231.9,49.196.68.92
75247293,49.196.231.9,49.196.68.92
75455933,130.95.254.213,130.95.254.73
75221950,1.146.141.30,49.192.161.202
75221950,1.146.141.30,49.192.161.202
74552182,125.63.29.203,125.63.25.107
75129694,120.149.77.8,130.95.254.128
74511274,58.7.217.211,13.55.238.214
74601838,124.189.164.45,121.217.65.86
74601838,124.189.164.45,121.217.65.86
73297485,58.64.14.199,223.27.193.140
74732707,106.69.47.105,106.69.44.123
74732707,106.69.47.105,106.69.44.123
74575393,130.95.254.154,130.95.254.133
72138504,130.95.40.101,144.138.149.220
75247293,49.196.231.9,49.196.232.91
75247293,49.196.231.9,49.196.232.91
74487378,125.63.29.133,125.63.25.99
73385446,218.215.81.153,130.95.254.71
74575506,130.95.254.241,149.167.162.248
75160648,180.150.83.211,130.95.254.175
75362270,130.95.254.92,130.95.254.215
75060284,27.96.195.160,120.16.118.58
71315881,1.146.147.195,1.146.197.11
75086048,130.95.254.19,130.95.254.204
75086048,130.95.254.19,130.95.254.204
74766769,130.95.254.75,130.95.254.124
74766769,130.95.254.75,130.95.254.124
75155652,1.126.110.252,130.95.40.100
75364588,125.63.25.57,125.63.29.186
74318669,130.95.254.237,125.63.29.222
73542879,130.95.254.122,130.95.254.160
74342803,125.63.25.215,125.63.25.210
73433064,110.175.45.226,163.47.56.108
72796259,60.225.64.125,203.206.254.44
75278508,147.69.9.39,139.168.232.70
75278508,147.69.9.39,139.168.232.70
74564874,130.95.254.80,130.95.254.115
74564874,130.95.254.80,130.95.254.115
75400908,130.95.254.120,60.242.206.132
74231993,49.192.120.40,1.146.248.211
74231908,125.63.29.158,125.63.29.222
74599354,130.95.254.114,130.95.254.11
75199223,1.146.182.150,130.95.40.101
74575625,130.95.254.186,130.95.254.194
73410261,14.202.241.241,203.206.248.151
74622047,120.149.111.84,130.95.254.223
74608934,130.95.254.130,60.225.45.81
74780466,193.119.40.70,202.161.125.218
72502892,130.95.254.145,203.59.178.186
73007870,58.7.173.194,60.240.25.139
74498506,61.68.199.111,130.95.40.72
74498506,61.68.199.111,130.95.40.72
74498506,61.68.199.111,130.95.40.72
75360446,159.196.132.88,180.150.83.221
73547495,203.213.61.72,193.119.37.120
75360446,159.196.132.88,130.95.254.43
72892770,130.95.254.66,130.95.254.33
74780466,193.119.40.70,14.201.148.19
74231908,125.63.29.158,125.63.25.116
74221480,58.169.35.56,130.95.40.101
73536285,130.95.108.172,130.95.254.205
74897695,130.95.254.235,49.185.128.204
74897695,130.95.254.235,130.95.40.100
74677728,130.95.254.174,58.173.16.15
74845062,106.68.9.8,130.95.254.147
74845062,106.68.9.8,130.95.254.147
74845062,106.68.9.8,130.95.254.147
75447226,1.146.133.62,130.95.108.78
75447226,1.146.133.62,130.95.108.78
74529630,101.189.77.214,130.95.40.99
75447226,1.146.133.62,130.95.108.78
73536285,130.95.108.172,130.95.254.234
75252477,203.206.250.171,193.119.34.36
75252477,203.206.250.171,193.119.34.36
75252477,203.206.250.171,193.119.34.36
74859939,125.63.29.107,125.63.25.201
74670572,14.200.194.153,130.95.254.101
74608934,130.95.254.130,49.183.6.79
